{"iter": 0, "train/loss": 4.1989617347717285, "val/loss": 4.203460693359375, "lr": 0.0, "mfu": -100.0, "_timestamp": 1697060088.1167476, "_runtime": 7.220380544662476, "_step": 0, "_wandb": {"runtime": 6}}