{"iter": 5000, "train/loss": 0.977969765663147, "val/loss": 1.4728882312774658, "lr": 0.0001, "mfu": 4.681909256273236, "_timestamp": 1697062313.7593253, "_runtime": 369.41805124282837, "_step": 20, "_wandb": {"runtime": 369}}