{"iter": 5000, "train/loss": 1.0148872137069702, "val/loss": 1.4866087436676025, "lr": 0.0001, "mfu": 5.162365682052728, "_timestamp": 1697064030.0603437, "_runtime": 263.4382576942444, "_step": 20, "_wandb": {"runtime": 263}}