{"iter": 5000, "train/loss": 0.6162029504776001, "val/loss": 1.6963624954223633, "lr": 0.0001, "mfu": 6.600481709688158, "_timestamp": 1697158477.1568325, "_runtime": 414.70907044410706, "_step": 14, "_wandb": {"runtime": 414}}