{"iter": 5000, "train/loss": 0.6244920492172241, "val/loss": 1.7039543390274048, "lr": 0.0001, "mfu": 5.3256251381817155, "_timestamp": 1697066476.450843, "_runtime": 498.7556371688843, "_step": 20, "_wandb": {"runtime": 498}}