{"iter": 5000, "train/loss": 0.6162532567977905, "val/loss": 1.6961599588394165, "lr": 0.0001, "mfu": 6.5980923001096, "_timestamp": 1697160374.8854733, "_runtime": 415.33666014671326, "_step": 14, "_wandb": {"runtime": 414}}