{"iter": 5000, "train/loss": 1.005555510520935, "val/loss": 1.4711058139801025, "lr": 0.0001, "mfu": 5.745557546233614, "_timestamp": 1697146663.5976489, "_runtime": 244.601078748703, "_step": 20, "_wandb": {"runtime": 244}}