{"iter": 500, "train/loss": 1.640866994857788, "val/loss": 1.962369680404663, "lr": 0.0009852826883675631, "mfu": 7.904967595767393, "_timestamp": 1697151021.1436775, "_runtime": 75.23011946678162, "_step": 2, "_wandb": {"runtime": 96}}