{"iter": 3750, "train/loss": 0.7386732697486877, "val/loss": 1.6116576194763184, "lr": 0.00023694285222843113, "mfu": 6.850259377842146, "_timestamp": 1697159362.257472, "_runtime": 288.5342929363251, "_step": 9, "_wandb": {"runtime": 297}}