{"iter": 5000, "train/loss": 0.9406181573867798, "val/loss": 1.4773054122924805, "lr": 0.0001, "mfu": 5.519819849881957, "_timestamp": 1697063550.2883892, "_runtime": 329.7677991390228, "_step": 20, "_wandb": {"runtime": 329}}