{"iter": 5000, "train/loss": 0.3846089839935303, "val/loss": 1.9860256910324097, "lr": 0.0001, "mfu": 5.706946543413025, "_timestamp": 1697058586.6342316, "_runtime": 642.3248524665833, "_step": 20, "_wandb": {"runtime": 641}}