{"iter": 0, "train/loss": 4.1989617347717285, "val/loss": 4.203460693359375, "lr": 0.0, "mfu": -100.0, "_timestamp": 1697060361.2989104, "_runtime": 7.241158485412598, "_step": 0, "_wandb": {"runtime": 6}}