{"iter": 5000, "train/loss": 1.1342988014221191, "val/loss": 1.4923324584960938, "lr": 0.0001, "mfu": 4.748295724509374, "_timestamp": 1697061830.4480612, "_runtime": 196.61066126823425, "_step": 20, "_wandb": {"runtime": 196}}