{"iter": 5000, "train/loss": 0.9406895637512207, "val/loss": 1.4856443405151367, "lr": 0.0001, "mfu": 5.259628764584803, "_timestamp": 1697083994.6596048, "_runtime": 339.2685167789459, "_step": 20, "_wandb": {"runtime": 338}}