{"iter": 2750, "train/loss": 0.9091798663139343, "val/loss": 1.5215928554534912, "lr": 0.0004924552772419723, "mfu": 7.430750868916171, "_timestamp": 1697159800.3390236, "_runtime": 168.14459347724915, "_step": 5, "_wandb": {"runtime": 187}}