{"iter": 5000, "train/loss": 0.6162583827972412, "val/loss": 1.6961456537246704, "lr": 0.0001, "mfu": 6.651806248393258, "_timestamp": 1697158974.2583308, "_runtime": 412.41902780532837, "_step": 14, "_wandb": {"runtime": 412}}