{"iter": 5000, "train/loss": 1.0446066856384277, "val/loss": 1.476943016052246, "lr": 0.0001, "mfu": 5.235708034104927, "_timestamp": 1697061558.819904, "_runtime": 258.838002204895, "_step": 20, "_wandb": {"runtime": 258}}