{"iter": 5000, "train/loss": 0.9561223387718201, "val/loss": 1.520727515220642, "lr": 0.0001, "mfu": 6.5981807184102275, "_timestamp": 1697149925.2883508, "_runtime": 539.2833769321442, "_step": 20, "_wandb": {"runtime": 538}}