{"iter": 5000, "train/loss": 1.006668210029602, "val/loss": 1.4804978370666504, "lr": 0.0001, "mfu": 5.755429376062011, "_timestamp": 1697147280.4808934, "_runtime": 242.0807614326477, "_step": 20, "_wandb": {"runtime": 241}}