{"iter": 5000, "train/loss": 1.014270305633545, "val/loss": 1.4794044494628906, "lr": 0.0001, "mfu": 4.954503536878222, "_timestamp": 1697078962.7649696, "_runtime": 271.97809863090515, "_step": 20, "_wandb": {"runtime": 271}}