{"iter": 250, "train/loss": 1.9195809364318848, "val/loss": 2.042647361755371, "lr": 0.0009979206008271391, "mfu": 5.830495185450502, "_timestamp": 1697130983.4349291, "_runtime": 26.3279070854187, "_step": 1, "_wandb": {"runtime": 31}}