{"iter": 5000, "train/loss": 0.07010121643543243, "val/loss": 3.9335384368896484, "lr": 0.0001, "mfu": 6.651199864941955, "_timestamp": 1697151678.4461255, "_runtime": 535.4758965969086, "_step": 20, "_wandb": {"runtime": 535}}