{"iter": 5000, "train/loss": 1.1965121030807495, "val/loss": 1.5140337944030762, "lr": 0.0001, "mfu": 4.602407055792939, "_timestamp": 1697059709.8702855, "_runtime": 200.42437958717346, "_step": 20, "_wandb": {"runtime": 199}}