{"iter": 5000, "train/loss": 0.2096143662929535, "val/loss": 2.8154122829437256, "lr": 0.0001, "mfu": 6.683164823444303, "_timestamp": 1697152321.5808742, "_runtime": 537.0545501708984, "_step": 20, "_wandb": {"runtime": 536}}