{"iter": 5000, "train/loss": 0.5857635736465454, "val/loss": 2.1912271976470947, "lr": 0.0001, "mfu": 6.655690039917353, "_timestamp": 1697152942.5598047, "_runtime": 535.9030525684357, "_step": 20, "_wandb": {"runtime": 535}}