{"iter": 5000, "train/loss": 1.0143589973449707, "val/loss": 1.4795445203781128, "lr": 0.0001, "mfu": 5.741798614398231, "_timestamp": 1697130069.921344, "_runtime": 240.26618003845215, "_step": 20, "_wandb": {"runtime": 239}}