{"iter": 5000, "train/loss": 0.9427176713943481, "val/loss": 1.4887980222702026, "lr": 0.0001, "mfu": 5.269654739747657, "_timestamp": 1697085421.9494805, "_runtime": 336.32718658447266, "_step": 20, "_wandb": {"runtime": 335}}