{"iter": 5000, "train/loss": 0.061390914022922516, "val/loss": 3.429777145385742, "lr": 0.0001, "mfu": 6.713957109263776, "_timestamp": 1697148510.0384135, "_runtime": 548.9125344753265, "_step": 20, "_wandb": {"runtime": 548}}