{"iter": 5000, "train/loss": 0.9051300883293152, "val/loss": 1.500604510307312, "lr": 0.0001, "mfu": 5.267489652368422, "_timestamp": 1697060829.8099642, "_runtime": 338.6741192340851, "_step": 20, "_wandb": {"runtime": 338}}