{"iter": 1750, "train/loss": 1.3419054746627808, "val/loss": 1.584875464439392, "lr": 0.0007708228984017721, "mfu": 4.687852326528483, "_timestamp": 1697057811.1271327, "_runtime": 71.0802845954895, "_step": 7, "_wandb": {"runtime": 71}}