{"iter": 5000, "train/loss": 0.6153255105018616, "val/loss": 1.7046704292297363, "lr": 0.0001, "mfu": 6.60754717020796, "_timestamp": 1697155430.4392455, "_runtime": 537.9290494918823, "_step": 20, "_wandb": {"runtime": 537}}