{"iter": 0, "train/loss": {"loss": 4.241933822631836, "perplexity": 69.54220581054688}, "val/loss": {"loss": 4.238309383392334, "perplexity": 69.29061126708984}, "lr": 0.0, "mfu": -100.0, "_timestamp": 1697078361.715387, "_runtime": 5.802552223205566, "_step": 0, "_wandb": {"runtime": 5}}