{"iter": 5000, "train/loss": 0.8190453052520752, "val/loss": 1.6380842924118042, "lr": 0.0001, "mfu": 6.619140296019049, "_timestamp": 1697153609.5606484, "_runtime": 537.2767825126648, "_step": 20, "_wandb": {"runtime": 536}}