{"iter": 5000, "train/loss": 0.6273429989814758, "val/loss": 1.686423659324646, "lr": 0.0001, "mfu": 5.864165057829763, "_timestamp": 1697057478.6550224, "_runtime": 472.05025148391724, "_step": 20, "_wandb": {"runtime": 471}}